sentence,city,place,day,time
khodni men maison lel hammamet samedi matin,hammamet,maison,samedi,matin
aller à monastir ghodwa,monastir,bureau,ghodwa,
nemchi nabeul next tuesday leyl,nabeul,aéroport,next tuesday,leyl
أريد الذهاب إلى kairouan mercredi matin,kairouan,bureau,mercredi,matin
أريد الذهاب إلى hammamet mercredi leyl,hammamet,gare,mercredi,leyl
take me from bureau to nabeul dimanche asr,nabeul,bureau,dimanche,asr
take me from maison to sousse ghodwa matin,sousse,maison,ghodwa,matin
I need a taxi to hammamet dimanche après-midi,hammamet,aéroport,dimanche,après-midi
take me from bureau to nabeul el-lahad now,nabeul,bureau,el-lahad,now
take me from aéroport to bizerte lyoum soir,bizerte,aéroport,lyoum,soir
take me from  to monastir ghodwa soir,monastir,,ghodwa,soir
I need a taxi to sfax mardi matin,sfax,,mardi,matin
aller à nabeul el-talata now,nabeul,bureau,el-talata,now
khodni men gare lel sousse lyoum sbeh,sousse,gare,lyoum,sbeh
aller à sfax mercredi asr,sfax,maison,mercredi,asr
take me from maison to hammamet el-talata après-midi,hammamet,maison,el-talata,après-midi
khodni men gare lel monastir el-talata now,monastir,gare,el-talata,now
khodni men hotel lel sousse lundi dhuhr,sousse,hotel,lundi,dhuhr
I need a taxi to monastir vendredi now,monastir,,vendredi,now
I need a taxi to bizerte mercredi sbeh,bizerte,maison,mercredi,sbeh
aller à nabeul vendredi sbeh,nabeul,maison,vendredi,sbeh
I need a taxi to bizerte mercredi soir,bizerte,bureau,mercredi,soir
khodni men bureau lel tunis apres-demain matin,tunis,bureau,apres-demain,matin
I need a taxi to hammamet mercredi now,hammamet,bureau,mercredi,now
aller à sousse el-talata now,sousse,gare,el-talata,now
أريد الذهاب إلى kairouan lyoum matin,kairouan,maison,lyoum,matin
I need a taxi to nabeul el-lahad asr,nabeul,,el-lahad,asr
أريد الذهاب إلى tunis el-lahad après-midi,tunis,hotel,el-lahad,après-midi
أريد الذهاب إلى sfax dimanche dhuhr,sfax,gare,dimanche,dhuhr
I need a taxi to bizerte jeudi leyl,bizerte,bureau,jeudi,leyl
aller à sfax mardi asr,sfax,bureau,mardi,asr
I need a taxi to tunis mercredi now,tunis,maison,mercredi,now
take me from  to sousse vendredi now,sousse,,vendredi,now
أريد الذهاب إلى kairouan samedi,kairouan,maison,samedi,
take me from gare to monastir apres-demain leyl,monastir,gare,apres-demain,leyl
nemchi tunis  leyl,tunis,,,leyl
nemchi sfax vendredi sbeh,sfax,aéroport,vendredi,sbeh
أريد الذهاب إلى sousse el-jemaa sbeh,sousse,hotel,el-jemaa,sbeh
aller à tunis lyoum après-midi,tunis,hotel,lyoum,après-midi
أريد الذهاب إلى bizerte lyoum,bizerte,hotel,lyoum,
nemchi bizerte mardi sbeh,bizerte,aéroport,mardi,sbeh
nemchi hammamet ghodwa leyl,hammamet,,ghodwa,leyl
aller à monastir el-jemaa matin,monastir,,el-jemaa,matin
I need a taxi to sousse dimanche leyl,sousse,hotel,dimanche,leyl
take me from gare to kairouan el-jemaa asr,kairouan,gare,el-jemaa,asr
khodni men maison lel kairouan jeudi asr,kairouan,maison,jeudi,asr
aller à monastir lyoum sbeh,monastir,bureau,lyoum,sbeh
nemchi sousse,sousse,gare,,
أريد الذهاب إلى hammamet lundi now,hammamet,bureau,lundi,now
nemchi sfax el-talata now,sfax,aéroport,el-talata,now
take me from hotel to sousse mercredi après-midi,sousse,hotel,mercredi,après-midi
أريد الذهاب إلى hammamet el-lahad now,hammamet,,el-lahad,now
nemchi monastir el-jemaa dhuhr,monastir,bureau,el-jemaa,dhuhr
khodni men bureau lel kairouan samedi après-midi,kairouan,bureau,samedi,après-midi
aller à hammamet vendredi après-midi,hammamet,maison,vendredi,après-midi
I need a taxi to kairouan jeudi dhuhr,kairouan,bureau,jeudi,dhuhr
أريد الذهاب إلى hammamet lyoum soir,hammamet,hotel,lyoum,soir
أريد الذهاب إلى nabeul lyoum sbeh,nabeul,aéroport,lyoum,sbeh
nemchi nabeul mercredi maghreb,nabeul,aéroport,mercredi,maghreb
nemchi bizerte dimanche asr,bizerte,,dimanche,asr
أريد الذهاب إلى monastir mardi maghreb,monastir,hotel,mardi,maghreb
I need a taxi to sousse el-jemaa après-midi,sousse,hotel,el-jemaa,après-midi
aller à nabeul ghodwa dhuhr,nabeul,bureau,ghodwa,dhuhr
khodni men hotel lel hammamet el-jemaa après-midi,hammamet,hotel,el-jemaa,après-midi
أريد الذهاب إلى kairouan samedi matin,kairouan,bureau,samedi,matin
I need a taxi to sousse el-lahad dhuhr,sousse,,el-lahad,dhuhr
أريد الذهاب إلى hammamet dimanche dhuhr,hammamet,maison,dimanche,dhuhr
nemchi nabeul lundi soir,nabeul,maison,lundi,soir
nemchi monastir apres-demain sbeh,monastir,gare,apres-demain,sbeh
aller à hammamet mercredi now,hammamet,aéroport,mercredi,now
I need a taxi to nabeul apres-demain maghreb,nabeul,,apres-demain,maghreb
aller à hammamet lundi matin,hammamet,bureau,lundi,matin
take me from bureau to monastir ghodwa après-midi,monastir,bureau,ghodwa,après-midi
take me from  to sfax dimanche now,sfax,,dimanche,now
aller à hammamet dimanche now,hammamet,hotel,dimanche,now
أريد الذهاب إلى tunis mercredi sbeh,tunis,bureau,mercredi,sbeh
nemchi sousse jeudi maghreb,sousse,aéroport,jeudi,maghreb
khodni men maison lel sousse el-lahad sbeh,sousse,maison,el-lahad,sbeh
أريد الذهاب إلى sfax samedi asr,sfax,aéroport,samedi,asr
nemchi hammamet  dhuhr,hammamet,aéroport,,dhuhr
take me from maison to nabeul apres-demain,nabeul,maison,apres-demain,
take me from  to nabeul el-talata matin,nabeul,,el-talata,matin
I need a taxi to sousse mardi leyl,sousse,gare,mardi,leyl
khodni men aéroport lel hammamet dimanche sbeh,hammamet,aéroport,dimanche,sbeh
take me from maison to hammamet lyoum,hammamet,maison,lyoum,
aller à tunis lyoum après-midi,tunis,bureau,lyoum,après-midi
aller à monastir lundi now,monastir,maison,lundi,now
take me from aéroport to sousse dimanche matin,sousse,aéroport,dimanche,matin
I need a taxi to hammamet mercredi now,hammamet,gare,mercredi,now
take me from gare to sfax apres-demain asr,sfax,gare,apres-demain,asr
nemchi bizerte vendredi now,bizerte,hotel,vendredi,now
أريد الذهاب إلى tunis ghodwa sbeh,tunis,hotel,ghodwa,sbeh
أريد الذهاب إلى sousse dimanche après-midi,sousse,hotel,dimanche,après-midi
أريد الذهاب إلى sfax samedi sbeh,sfax,bureau,samedi,sbeh
nemchi nabeul lundi dhuhr,nabeul,hotel,lundi,dhuhr
nemchi sousse el-lahad soir,sousse,bureau,el-lahad,soir
أريد الذهاب إلى tunis jeudi maghreb,tunis,,jeudi,maghreb
I need a taxi to monastir apres-demain dhuhr,monastir,gare,apres-demain,dhuhr
aller à sfax next tuesday dhuhr,sfax,aéroport,next tuesday,dhuhr
أريد الذهاب إلى kairouan jeudi maghreb,kairouan,maison,jeudi,maghreb
khodni men  lel monastir lundi leyl,monastir,,lundi,leyl
khodni men  lel sousse samedi maghreb,sousse,,samedi,maghreb
nemchi kairouan mardi now,kairouan,bureau,mardi,now
aller à sousse el-talata maghreb,sousse,,el-talata,maghreb
أريد الذهاب إلى nabeul next tuesday asr,nabeul,hotel,next tuesday,asr
nemchi bizerte mercredi asr,bizerte,,mercredi,asr
aller à kairouan dimanche sbeh,kairouan,aéroport,dimanche,sbeh
khodni men maison lel hammamet mercredi dhuhr,hammamet,maison,mercredi,dhuhr
nemchi sfax mercredi,sfax,bureau,mercredi,
nemchi sfax mercredi leyl,sfax,,mercredi,leyl
I need a taxi to tunis jeudi matin,tunis,,jeudi,matin
khodni men gare lel monastir  sbeh,monastir,gare,,sbeh
nemchi bizerte samedi now,bizerte,bureau,samedi,now
أريد الذهاب إلى sfax lundi matin,sfax,hotel,lundi,matin
take me from  to sfax lundi matin,sfax,,lundi,matin
aller à sfax next tuesday dhuhr,sfax,aéroport,next tuesday,dhuhr
أريد الذهاب إلى hammamet dimanche now,hammamet,bureau,dimanche,now
I need a taxi to kairouan lundi now,kairouan,maison,lundi,now
khodni men aéroport lel nabeul,nabeul,aéroport,,
khodni men aéroport lel bizerte  maghreb,bizerte,aéroport,,maghreb
take me from  to nabeul lundi leyl,nabeul,,lundi,leyl
I need a taxi to hammamet next tuesday asr,hammamet,maison,next tuesday,asr
khodni men bureau lel sousse dimanche dhuhr,sousse,bureau,dimanche,dhuhr
aller à sfax ghodwa,sfax,maison,ghodwa,
aller à hammamet mercredi après-midi,hammamet,gare,mercredi,après-midi
take me from bureau to sousse mardi leyl,sousse,bureau,mardi,leyl
I need a taxi to nabeul el-lahad après-midi,nabeul,bureau,el-lahad,après-midi
I need a taxi to tunis mardi soir,tunis,,mardi,soir
I need a taxi to bizerte el-lahad après-midi,bizerte,maison,el-lahad,après-midi
nemchi nabeul  maghreb,nabeul,,,maghreb
take me from aéroport to bizerte samedi now,bizerte,aéroport,samedi,now
I need a taxi to tunis mercredi sbeh,tunis,maison,mercredi,sbeh
khodni men maison lel kairouan  sbeh,kairouan,maison,,sbeh
nemchi tunis jeudi maghreb,tunis,,jeudi,maghreb
I need a taxi to sousse vendredi dhuhr,sousse,maison,vendredi,dhuhr
I need a taxi to hammamet mercredi matin,hammamet,,mercredi,matin
nemchi kairouan lyoum asr,kairouan,bureau,lyoum,asr
aller à sousse samedi matin,sousse,hotel,samedi,matin
khodni men bureau lel tunis dimanche soir,tunis,bureau,dimanche,soir
أريد الذهاب إلى sfax el-jemaa matin,sfax,hotel,el-jemaa,matin
aller à sousse dimanche sbeh,sousse,bureau,dimanche,sbeh
nemchi tunis mercredi asr,tunis,aéroport,mercredi,asr
I need a taxi to bizerte lundi soir,bizerte,maison,lundi,soir
khodni men maison lel kairouan lundi soir,kairouan,maison,lundi,soir
nemchi sousse  leyl,sousse,aéroport,,leyl
I need a taxi to nabeul ghodwa maghreb,nabeul,hotel,ghodwa,maghreb
أريد الذهاب إلى bizerte apres-demain matin,bizerte,bureau,apres-demain,matin
أريد الذهاب إلى monastir vendredi sbeh,monastir,gare,vendredi,sbeh
aller à sfax next tuesday leyl,sfax,gare,next tuesday,leyl
take me from maison to monastir next tuesday maghreb,monastir,maison,next tuesday,maghreb
I need a taxi to tunis el-jemaa maghreb,tunis,hotel,el-jemaa,maghreb
take me from maison to tunis el-talata après-midi,tunis,maison,el-talata,après-midi
aller à sfax jeudi soir,sfax,gare,jeudi,soir
aller à sousse el-talata sbeh,sousse,aéroport,el-talata,sbeh
aller à monastir next tuesday now,monastir,maison,next tuesday,now
nemchi sousse ghodwa soir,sousse,gare,ghodwa,soir
aller à kairouan next tuesday matin,kairouan,gare,next tuesday,matin
take me from bureau to bizerte samedi maghreb,bizerte,bureau,samedi,maghreb
take me from aéroport to sousse mercredi maghreb,sousse,aéroport,mercredi,maghreb
take me from  to tunis next tuesday après-midi,tunis,,next tuesday,après-midi
أريد الذهاب إلى bizerte el-lahad dhuhr,bizerte,gare,el-lahad,dhuhr
aller à bizerte apres-demain now,bizerte,aéroport,apres-demain,now
aller à sousse el-talata asr,sousse,gare,el-talata,asr
khodni men  lel monastir el-jemaa dhuhr,monastir,,el-jemaa,dhuhr
khodni men  lel sfax lundi matin,sfax,,lundi,matin
take me from bureau to kairouan mercredi dhuhr,kairouan,bureau,mercredi,dhuhr
take me from aéroport to sousse lundi,sousse,aéroport,lundi,
أريد الذهاب إلى sfax ghodwa now,sfax,aéroport,ghodwa,now
aller à kairouan lundi sbeh,kairouan,aéroport,lundi,sbeh
aller à nabeul next tuesday leyl,nabeul,maison,next tuesday,leyl
take me from maison to kairouan  leyl,kairouan,maison,,leyl
take me from bureau to bizerte apres-demain asr,bizerte,bureau,apres-demain,asr
aller à bizerte apres-demain après-midi,bizerte,gare,apres-demain,après-midi
aller à sousse mardi,sousse,gare,mardi,
khodni men maison lel monastir vendredi leyl,monastir,maison,vendredi,leyl
take me from bureau to monastir mercredi soir,monastir,bureau,mercredi,soir
I need a taxi to sfax lyoum asr,sfax,aéroport,lyoum,asr
nemchi tunis mardi sbeh,tunis,aéroport,mardi,sbeh
aller à bizerte lyoum asr,bizerte,gare,lyoum,asr
aller à hammamet apres-demain après-midi,hammamet,bureau,apres-demain,après-midi
أريد الذهاب إلى kairouan ghodwa asr,kairouan,maison,ghodwa,asr
khodni men  lel nabeul el-lahad dhuhr,nabeul,,el-lahad,dhuhr
nemchi monastir dimanche,monastir,,dimanche,
khodni men bureau lel hammamet el-jemaa matin,hammamet,bureau,el-jemaa,matin
أريد الذهاب إلى tunis ghodwa soir,tunis,,ghodwa,soir
aller à hammamet  après-midi,hammamet,hotel,,après-midi
I need a taxi to monastir samedi,monastir,hotel,samedi,
I need a taxi to tunis samedi sbeh,tunis,bureau,samedi,sbeh
take me from maison to sousse lyoum sbeh,sousse,maison,lyoum,sbeh
nemchi monastir el-jemaa leyl,monastir,hotel,el-jemaa,leyl
aller à nabeul jeudi soir,nabeul,gare,jeudi,soir
khodni men gare lel bizerte  now,bizerte,gare,,now
aller à monastir  matin,monastir,aéroport,,matin
أريد الذهاب إلى hammamet ghodwa leyl,hammamet,maison,ghodwa,leyl
take me from bureau to sfax apres-demain maghreb,sfax,bureau,apres-demain,maghreb
aller à monastir mardi,monastir,,mardi,
take me from maison to tunis ghodwa soir,tunis,maison,ghodwa,soir
nemchi nabeul samedi maghreb,nabeul,hotel,samedi,maghreb
أريد الذهاب إلى sfax lyoum soir,sfax,maison,lyoum,soir
take me from hotel to monastir vendredi dhuhr,monastir,hotel,vendredi,dhuhr
أريد الذهاب إلى sousse vendredi now,sousse,hotel,vendredi,now
أريد الذهاب إلى kairouan samedi asr,kairouan,bureau,samedi,asr
aller à kairouan apres-demain leyl,kairouan,,apres-demain,leyl
khodni men aéroport lel monastir ghodwa matin,monastir,aéroport,ghodwa,matin
take me from  to tunis samedi sbeh,tunis,,samedi,sbeh
أريد الذهاب إلى nabeul samedi sbeh,nabeul,aéroport,samedi,sbeh
take me from hotel to monastir  après-midi,monastir,hotel,,après-midi
أريد الذهاب إلى nabeul samedi maghreb,nabeul,hotel,samedi,maghreb
أريد الذهاب إلى kairouan lundi maghreb,kairouan,maison,lundi,maghreb
nemchi tunis lyoum sbeh,tunis,gare,lyoum,sbeh
aller à hammamet next tuesday maghreb,hammamet,,next tuesday,maghreb
aller à sfax lundi leyl,sfax,hotel,lundi,leyl
nemchi nabeul,nabeul,gare,,
I need a taxi to nabeul el-talata sbeh,nabeul,gare,el-talata,sbeh
khodni men  lel bizerte lundi leyl,bizerte,,lundi,leyl
khodni men aéroport lel tunis ghodwa après-midi,tunis,aéroport,ghodwa,après-midi
take me from gare to tunis mardi now,tunis,gare,mardi,now
aller à sfax mardi,sfax,bureau,mardi,
aller à monastir el-talata soir,monastir,hotel,el-talata,soir
take me from aéroport to sfax apres-demain matin,sfax,aéroport,apres-demain,matin
أريد الذهاب إلى hammamet lundi soir,hammamet,gare,lundi,soir
nemchi bizerte  asr,bizerte,hotel,,asr
I need a taxi to sousse jeudi now,sousse,,jeudi,now
أريد الذهاب إلى nabeul dimanche sbeh,nabeul,maison,dimanche,sbeh
nemchi hammamet ghodwa après-midi,hammamet,bureau,ghodwa,après-midi
khodni men gare lel kairouan next tuesday now,kairouan,gare,next tuesday,now
take me from bureau to monastir vendredi soir,monastir,bureau,vendredi,soir
khodni men bureau lel hammamet samedi now,hammamet,bureau,samedi,now
take me from  to bizerte lyoum matin,bizerte,,lyoum,matin
أريد الذهاب إلى sousse el-talata après-midi,sousse,bureau,el-talata,après-midi
take me from aéroport to bizerte el-lahad soir,bizerte,aéroport,el-lahad,soir
أريد الذهاب إلى bizerte samedi leyl,bizerte,aéroport,samedi,leyl
khodni men  lel nabeul lundi,nabeul,,lundi,
take me from aéroport to bizerte samedi leyl,bizerte,aéroport,samedi,leyl
nemchi hammamet mardi maghreb,hammamet,maison,mardi,maghreb
aller à kairouan el-lahad now,kairouan,bureau,el-lahad,now
take me from  to monastir lyoum,monastir,,lyoum,
aller à nabeul jeudi leyl,nabeul,aéroport,jeudi,leyl
nemchi nabeul lundi soir,nabeul,hotel,lundi,soir
take me from gare to sfax lundi leyl,sfax,gare,lundi,leyl
I need a taxi to bizerte samedi,bizerte,,samedi,
nemchi monastir lundi maghreb,monastir,,lundi,maghreb
take me from bureau to sfax el-jemaa asr,sfax,bureau,el-jemaa,asr
take me from gare to sousse jeudi soir,sousse,gare,jeudi,soir
I need a taxi to nabeul lyoum leyl,nabeul,,lyoum,leyl
I need a taxi to tunis el-lahad maghreb,tunis,,el-lahad,maghreb
أريد الذهاب إلى kairouan vendredi maghreb,kairouan,,vendredi,maghreb
take me from gare to nabeul lyoum dhuhr,nabeul,gare,lyoum,dhuhr
aller à sfax lundi soir,sfax,bureau,lundi,soir
nemchi sousse el-lahad,sousse,maison,el-lahad,
nemchi hammamet mardi dhuhr,hammamet,bureau,mardi,dhuhr
aller à hammamet,hammamet,aéroport,,
take me from  to sfax el-jemaa asr,sfax,,el-jemaa,asr
I need a taxi to sfax lundi sbeh,sfax,hotel,lundi,sbeh
take me from aéroport to bizerte next tuesday après-midi,bizerte,aéroport,next tuesday,après-midi
aller à kairouan mercredi now,kairouan,gare,mercredi,now
I need a taxi to nabeul next tuesday dhuhr,nabeul,hotel,next tuesday,dhuhr
أريد الذهاب إلى sousse mercredi now,sousse,hotel,mercredi,now
aller à sfax mardi sbeh,sfax,bureau,mardi,sbeh
nemchi kairouan el-talata,kairouan,bureau,el-talata,
nemchi monastir  leyl,monastir,aéroport,,leyl
khodni men hotel lel monastir mardi,monastir,hotel,mardi,
nemchi hammamet dimanche now,hammamet,aéroport,dimanche,now
take me from  to sousse mardi dhuhr,sousse,,mardi,dhuhr
أريد الذهاب إلى nabeul  now,nabeul,maison,,now
I need a taxi to monastir el-lahad leyl,monastir,bureau,el-lahad,leyl
I need a taxi to kairouan apres-demain matin,kairouan,hotel,apres-demain,matin
take me from  to tunis el-jemaa soir,tunis,,el-jemaa,soir
take me from aéroport to nabeul lundi soir,nabeul,aéroport,lundi,soir
khodni men  lel bizerte samedi dhuhr,bizerte,,samedi,dhuhr
nemchi bizerte lyoum sbeh,bizerte,maison,lyoum,sbeh
aller à bizerte  maghreb,bizerte,bureau,,maghreb
nemchi nabeul el-jemaa matin,nabeul,hotel,el-jemaa,matin
take me from hotel to sfax lyoum maghreb,sfax,hotel,lyoum,maghreb
take me from bureau to kairouan next tuesday matin,kairouan,bureau,next tuesday,matin
take me from bureau to sousse dimanche dhuhr,sousse,bureau,dimanche,dhuhr
khodni men hotel lel kairouan  asr,kairouan,hotel,,asr
aller à sousse el-jemaa dhuhr,sousse,gare,el-jemaa,dhuhr
nemchi sfax apres-demain après-midi,sfax,hotel,apres-demain,après-midi
nemchi hammamet samedi matin,hammamet,bureau,samedi,matin
I need a taxi to kairouan samedi matin,kairouan,hotel,samedi,matin
أريد الذهاب إلى sousse jeudi leyl,sousse,aéroport,jeudi,leyl
أريد الذهاب إلى sfax lundi dhuhr,sfax,bureau,lundi,dhuhr
nemchi sfax lyoum,sfax,gare,lyoum,
khodni men maison lel nabeul el-talata dhuhr,nabeul,maison,el-talata,dhuhr
khodni men maison lel monastir el-jemaa après-midi,monastir,maison,el-jemaa,après-midi
أريد الذهاب إلى kairouan mardi now,kairouan,aéroport,mardi,now
khodni men maison lel sousse el-jemaa,sousse,maison,el-jemaa,
nemchi tunis jeudi sbeh,tunis,aéroport,jeudi,sbeh
take me from bureau to sousse dimanche soir,sousse,bureau,dimanche,soir
aller à sfax el-jemaa leyl,sfax,bureau,el-jemaa,leyl
nemchi hammamet samedi dhuhr,hammamet,aéroport,samedi,dhuhr
أريد الذهاب إلى hammamet next tuesday now,hammamet,hotel,next tuesday,now
nemchi kairouan el-jemaa asr,kairouan,bureau,el-jemaa,asr
أريد الذهاب إلى nabeul samedi leyl,nabeul,bureau,samedi,leyl
aller à kairouan dimanche,kairouan,,dimanche,
I need a taxi to monastir ghodwa leyl,monastir,maison,ghodwa,leyl
khodni men bureau lel sousse next tuesday,sousse,bureau,next tuesday,
nemchi monastir lyoum maghreb,monastir,,lyoum,maghreb
I need a taxi to bizerte mercredi asr,bizerte,aéroport,mercredi,asr
khodni men  lel kairouan el-talata sbeh,kairouan,,el-talata,sbeh
I need a taxi to bizerte vendredi dhuhr,bizerte,maison,vendredi,dhuhr
أريد الذهاب إلى monastir dimanche maghreb,monastir,hotel,dimanche,maghreb
take me from maison to tunis dimanche leyl,tunis,maison,dimanche,leyl
nemchi nabeul dimanche leyl,nabeul,hotel,dimanche,leyl
I need a taxi to sousse  now,sousse,,,now
nemchi monastir el-jemaa asr,monastir,gare,el-jemaa,asr
aller à nabeul el-talata sbeh,nabeul,bureau,el-talata,sbeh
khodni men aéroport lel tunis lyoum après-midi,tunis,aéroport,lyoum,après-midi
aller à kairouan next tuesday soir,kairouan,hotel,next tuesday,soir
nemchi nabeul el-talata leyl,nabeul,bureau,el-talata,leyl
nemchi bizerte next tuesday,bizerte,gare,next tuesday,
aller à bizerte mercredi maghreb,bizerte,maison,mercredi,maghreb
take me from maison to nabeul lundi après-midi,nabeul,maison,lundi,après-midi
khodni men gare lel kairouan vendredi matin,kairouan,gare,vendredi,matin
nemchi sousse mercredi maghreb,sousse,bureau,mercredi,maghreb
aller à kairouan ghodwa dhuhr,kairouan,gare,ghodwa,dhuhr
I need a taxi to sfax dimanche soir,sfax,,dimanche,soir
take me from bureau to tunis el-jemaa sbeh,tunis,bureau,el-jemaa,sbeh
أريد الذهاب إلى nabeul ghodwa leyl,nabeul,hotel,ghodwa,leyl
aller à hammamet lyoum maghreb,hammamet,gare,lyoum,maghreb
aller à hammamet next tuesday,hammamet,,next tuesday,
aller à sousse next tuesday,sousse,bureau,next tuesday,
nemchi nabeul el-talata asr,nabeul,aéroport,el-talata,asr
take me from  to kairouan el-lahad asr,kairouan,,el-lahad,asr
I need a taxi to monastir ghodwa maghreb,monastir,bureau,ghodwa,maghreb
I need a taxi to tunis apres-demain soir,tunis,,apres-demain,soir
أريد الذهاب إلى sfax ghodwa sbeh,sfax,,ghodwa,sbeh
I need a taxi to tunis lyoum maghreb,tunis,bureau,lyoum,maghreb
I need a taxi to sousse el-jemaa now,sousse,aéroport,el-jemaa,now
أريد الذهاب إلى kairouan vendredi après-midi,kairouan,hotel,vendredi,après-midi
أريد الذهاب إلى bizerte jeudi,bizerte,gare,jeudi,
khodni men gare lel kairouan vendredi matin,kairouan,gare,vendredi,matin
nemchi bizerte mardi asr,bizerte,hotel,mardi,asr
I need a taxi to nabeul dimanche après-midi,nabeul,aéroport,dimanche,après-midi
I need a taxi to hammamet vendredi dhuhr,hammamet,hotel,vendredi,dhuhr
أريد الذهاب إلى tunis lundi matin,tunis,aéroport,lundi,matin
I need a taxi to nabeul next tuesday matin,nabeul,aéroport,next tuesday,matin
aller à nabeul samedi sbeh,nabeul,bureau,samedi,sbeh
أريد الذهاب إلى nabeul vendredi leyl,nabeul,gare,vendredi,leyl
أريد الذهاب إلى sousse el-jemaa,sousse,aéroport,el-jemaa,
I need a taxi to monastir ghodwa asr,monastir,bureau,ghodwa,asr
I need a taxi to hammamet lyoum now,hammamet,hotel,lyoum,now
I need a taxi to sousse el-talata dhuhr,sousse,gare,el-talata,dhuhr
take me from maison to tunis apres-demain asr,tunis,maison,apres-demain,asr
I need a taxi to sousse lyoum asr,sousse,bureau,lyoum,asr
nemchi bizerte lundi sbeh,bizerte,gare,lundi,sbeh
أريد الذهاب إلى kairouan el-lahad sbeh,kairouan,maison,el-lahad,sbeh
take me from maison to bizerte jeudi asr,bizerte,maison,jeudi,asr
khodni men hotel lel tunis vendredi maghreb,tunis,hotel,vendredi,maghreb
أريد الذهاب إلى hammamet lyoum asr,hammamet,bureau,lyoum,asr
aller à hammamet mardi asr,hammamet,bureau,mardi,asr
khodni men gare lel sousse el-lahad sbeh,sousse,gare,el-lahad,sbeh
I need a taxi to hammamet  après-midi,hammamet,hotel,,après-midi
I need a taxi to sousse ghodwa leyl,sousse,hotel,ghodwa,leyl
I need a taxi to kairouan lundi dhuhr,kairouan,aéroport,lundi,dhuhr
nemchi monastir ghodwa,monastir,maison,ghodwa,
أريد الذهاب إلى sfax dimanche,sfax,gare,dimanche,
أريد الذهاب إلى hammamet samedi après-midi,hammamet,hotel,samedi,après-midi
aller à kairouan ghodwa maghreb,kairouan,hotel,ghodwa,maghreb
nemchi kairouan el-lahad soir,kairouan,hotel,el-lahad,soir
I need a taxi to nabeul next tuesday asr,nabeul,maison,next tuesday,asr
I need a taxi to bizerte ghodwa now,bizerte,gare,ghodwa,now
أريد الذهاب إلى monastir lundi asr,monastir,,lundi,asr
take me from  to tunis lundi now,tunis,,lundi,now
aller à sousse mercredi,sousse,bureau,mercredi,
take me from aéroport to bizerte lundi now,bizerte,aéroport,lundi,now
aller à kairouan apres-demain après-midi,kairouan,bureau,apres-demain,après-midi
take me from hotel to monastir samedi sbeh,monastir,hotel,samedi,sbeh
nemchi hammamet  soir,hammamet,gare,,soir
أريد الذهاب إلى kairouan lyoum maghreb,kairouan,bureau,lyoum,maghreb
أريد الذهاب إلى monastir el-lahad sbeh,monastir,gare,el-lahad,sbeh
khodni men hotel lel tunis lundi asr,tunis,hotel,lundi,asr
aller à nabeul ghodwa leyl,nabeul,hotel,ghodwa,leyl
I need a taxi to monastir dimanche sbeh,monastir,bureau,dimanche,sbeh
aller à monastir mardi sbeh,monastir,gare,mardi,sbeh
khodni men maison lel nabeul mardi après-midi,nabeul,maison,mardi,après-midi
أريد الذهاب إلى sousse apres-demain soir,sousse,bureau,apres-demain,soir
أريد الذهاب إلى tunis mercredi asr,tunis,gare,mercredi,asr
nemchi sousse mercredi leyl,sousse,maison,mercredi,leyl
I need a taxi to monastir samedi leyl,monastir,maison,samedi,leyl
nemchi monastir el-talata leyl,monastir,maison,el-talata,leyl
أريد الذهاب إلى kairouan el-talata soir,kairouan,,el-talata,soir
take me from bureau to nabeul vendredi après-midi,nabeul,bureau,vendredi,après-midi
nemchi monastir lundi leyl,monastir,,lundi,leyl
aller à monastir jeudi,monastir,aéroport,jeudi,
I need a taxi to kairouan samedi,kairouan,gare,samedi,
take me from hotel to sousse jeudi après-midi,sousse,hotel,jeudi,après-midi
aller à monastir dimanche asr,monastir,gare,dimanche,asr
nemchi monastir el-lahad asr,monastir,,el-lahad,asr
take me from bureau to bizerte el-lahad maghreb,bizerte,bureau,el-lahad,maghreb
khodni men gare lel bizerte el-talata maghreb,bizerte,gare,el-talata,maghreb
أريد الذهاب إلى sousse samedi soir,sousse,,samedi,soir
aller à tunis samedi maghreb,tunis,gare,samedi,maghreb
I need a taxi to bizerte  now,bizerte,aéroport,,now
khodni men maison lel monastir el-lahad now,monastir,maison,el-lahad,now
I need a taxi to bizerte jeudi après-midi,bizerte,hotel,jeudi,après-midi
take me from gare to hammamet vendredi sbeh,hammamet,gare,vendredi,sbeh
I need a taxi to bizerte jeudi soir,bizerte,,jeudi,soir
nemchi kairouan mardi sbeh,kairouan,,mardi,sbeh
aller à bizerte mercredi maghreb,bizerte,bureau,mercredi,maghreb
أريد الذهاب إلى tunis dimanche matin,tunis,maison,dimanche,matin
أريد الذهاب إلى nabeul samedi après-midi,nabeul,maison,samedi,après-midi
nemchi tunis lundi soir,tunis,,lundi,soir
take me from hotel to tunis next tuesday dhuhr,tunis,hotel,next tuesday,dhuhr
take me from hotel to monastir mardi asr,monastir,hotel,mardi,asr
aller à monastir el-talata dhuhr,monastir,,el-talata,dhuhr
aller à bizerte jeudi asr,bizerte,bureau,jeudi,asr
take me from aéroport to kairouan jeudi,kairouan,aéroport,jeudi,
أريد الذهاب إلى bizerte lyoum asr,bizerte,gare,lyoum,asr
أريد الذهاب إلى bizerte next tuesday soir,bizerte,aéroport,next tuesday,soir
aller à kairouan mercredi après-midi,kairouan,gare,mercredi,après-midi
nemchi bizerte lyoum,bizerte,,lyoum,
aller à hammamet el-lahad sbeh,hammamet,,el-lahad,sbeh
أريد الذهاب إلى hammamet mercredi leyl,hammamet,aéroport,mercredi,leyl
أريد الذهاب إلى tunis lundi asr,tunis,maison,lundi,asr
أريد الذهاب إلى hammamet jeudi now,hammamet,bureau,jeudi,now
khodni men hotel lel hammamet  dhuhr,hammamet,hotel,,dhuhr
nemchi bizerte jeudi après-midi,bizerte,maison,jeudi,après-midi
I need a taxi to kairouan samedi now,kairouan,gare,samedi,now
I need a taxi to sfax el-jemaa après-midi,sfax,,el-jemaa,après-midi
take me from gare to sfax  après-midi,sfax,gare,,après-midi
take me from bureau to monastir el-talata dhuhr,monastir,bureau,el-talata,dhuhr
aller à kairouan samedi asr,kairouan,maison,samedi,asr
I need a taxi to nabeul dimanche matin,nabeul,hotel,dimanche,matin
khodni men gare lel monastir jeudi leyl,monastir,gare,jeudi,leyl
aller à kairouan vendredi matin,kairouan,gare,vendredi,matin
khodni men gare lel sfax next tuesday asr,sfax,gare,next tuesday,asr
khodni men bureau lel kairouan next tuesday leyl,kairouan,bureau,next tuesday,leyl
take me from bureau to hammamet lyoum asr,hammamet,bureau,lyoum,asr
take me from bureau to sousse mercredi,sousse,bureau,mercredi,
take me from aéroport to sfax dimanche dhuhr,sfax,aéroport,dimanche,dhuhr
I need a taxi to kairouan lundi leyl,kairouan,,lundi,leyl
I need a taxi to tunis lundi après-midi,tunis,aéroport,lundi,après-midi
aller à monastir mercredi leyl,monastir,,mercredi,leyl
nemchi kairouan vendredi asr,kairouan,,vendredi,asr
I need a taxi to sfax dimanche leyl,sfax,hotel,dimanche,leyl
take me from aéroport to hammamet lyoum,hammamet,aéroport,lyoum,
aller à sousse vendredi dhuhr,sousse,aéroport,vendredi,dhuhr
nemchi sousse mercredi,sousse,aéroport,mercredi,
take me from  to sfax next tuesday asr,sfax,,next tuesday,asr
I need a taxi to monastir dimanche asr,monastir,gare,dimanche,asr
khodni men hotel lel sfax apres-demain matin,sfax,hotel,apres-demain,matin
I need a taxi to sousse dimanche matin,sousse,aéroport,dimanche,matin
أريد الذهاب إلى hammamet el-jemaa sbeh,hammamet,,el-jemaa,sbeh
I need a taxi to sousse el-jemaa,sousse,bureau,el-jemaa,
aller à sfax,sfax,aéroport,,
nemchi kairouan mercredi après-midi,kairouan,maison,mercredi,après-midi
nemchi bizerte samedi dhuhr,bizerte,maison,samedi,dhuhr
أريد الذهاب إلى monastir mercredi matin,monastir,,mercredi,matin
khodni men bureau lel monastir mercredi,monastir,bureau,mercredi,
khodni men  lel sfax jeudi now,sfax,,jeudi,now
nemchi sfax samedi soir,sfax,aéroport,samedi,soir
I need a taxi to monastir next tuesday now,monastir,hotel,next tuesday,now
take me from bureau to sfax jeudi maghreb,sfax,bureau,jeudi,maghreb
khodni men hotel lel monastir samedi sbeh,monastir,hotel,samedi,sbeh
take me from aéroport to hammamet el-jemaa matin,hammamet,aéroport,el-jemaa,matin
nemchi tunis lyoum maghreb,tunis,hotel,lyoum,maghreb
aller à hammamet mardi asr,hammamet,maison,mardi,asr
I need a taxi to kairouan vendredi soir,kairouan,hotel,vendredi,soir
أريد الذهاب إلى monastir lundi après-midi,monastir,bureau,lundi,après-midi
khodni men hotel lel monastir mercredi dhuhr,monastir,hotel,mercredi,dhuhr
take me from maison to monastir samedi maghreb,monastir,maison,samedi,maghreb
aller à sfax ghodwa,sfax,bureau,ghodwa,
I need a taxi to bizerte el-jemaa après-midi,bizerte,hotel,el-jemaa,après-midi
khodni men hotel lel nabeul  après-midi,nabeul,hotel,,après-midi
aller à hammamet el-lahad leyl,hammamet,bureau,el-lahad,leyl
أريد الذهاب إلى sfax samedi dhuhr,sfax,hotel,samedi,dhuhr
I need a taxi to nabeul mercredi now,nabeul,,mercredi,now
khodni men bureau lel sousse dimanche après-midi,sousse,bureau,dimanche,après-midi
khodni men hotel lel hammamet el-jemaa asr,hammamet,hotel,el-jemaa,asr
take me from maison to kairouan vendredi now,kairouan,maison,vendredi,now
I need a taxi to nabeul mardi dhuhr,nabeul,hotel,mardi,dhuhr
I need a taxi to bizerte el-talata dhuhr,bizerte,hotel,el-talata,dhuhr
aller à kairouan el-talata leyl,kairouan,bureau,el-talata,leyl
أريد الذهاب إلى bizerte jeudi après-midi,bizerte,gare,jeudi,après-midi
أريد الذهاب إلى hammamet lundi après-midi,hammamet,bureau,lundi,après-midi
take me from bureau to hammamet samedi sbeh,hammamet,bureau,samedi,sbeh
I need a taxi to tunis lundi asr,tunis,,lundi,asr
nemchi hammamet vendredi,hammamet,gare,vendredi,
I need a taxi to kairouan samedi now,kairouan,bureau,samedi,now
khodni men hotel lel nabeul apres-demain après-midi,nabeul,hotel,apres-demain,après-midi
aller à kairouan lundi now,kairouan,hotel,lundi,now
I need a taxi to sfax apres-demain now,sfax,maison,apres-demain,now
nemchi kairouan el-talata soir,kairouan,,el-talata,soir
aller à sfax apres-demain après-midi,sfax,gare,apres-demain,après-midi
take me from maison to kairouan lyoum asr,kairouan,maison,lyoum,asr
take me from maison to tunis next tuesday,tunis,maison,next tuesday,
khodni men  lel nabeul lundi leyl,nabeul,,lundi,leyl
nemchi sousse ghodwa soir,sousse,gare,ghodwa,soir
أريد الذهاب إلى nabeul el-lahad leyl,nabeul,aéroport,el-lahad,leyl
أريد الذهاب إلى tunis el-jemaa matin,tunis,bureau,el-jemaa,matin
khodni men gare lel monastir samedi,monastir,gare,samedi,
khodni men maison lel sfax mercredi matin,sfax,maison,mercredi,matin
aller à kairouan el-lahad après-midi,kairouan,gare,el-lahad,après-midi
take me from bureau to nabeul el-talata asr,nabeul,bureau,el-talata,asr
take me from bureau to hammamet apres-demain leyl,hammamet,bureau,apres-demain,leyl
aller à kairouan next tuesday leyl,kairouan,aéroport,next tuesday,leyl
aller à nabeul jeudi dhuhr,nabeul,,jeudi,dhuhr
nemchi bizerte  dhuhr,bizerte,,,dhuhr
khodni men maison lel nabeul ghodwa matin,nabeul,maison,ghodwa,matin
I need a taxi to monastir mardi asr,monastir,hotel,mardi,asr
aller à monastir el-lahad matin,monastir,,el-lahad,matin
aller à nabeul lyoum après-midi,nabeul,,lyoum,après-midi
take me from bureau to bizerte next tuesday asr,bizerte,bureau,next tuesday,asr
I need a taxi to sfax mardi maghreb,sfax,maison,mardi,maghreb
aller à tunis el-jemaa matin,tunis,,el-jemaa,matin
I need a taxi to kairouan mardi now,kairouan,,mardi,now
take me from gare to bizerte vendredi,bizerte,gare,vendredi,
aller à bizerte mardi maghreb,bizerte,,mardi,maghreb
nemchi hammamet dimanche dhuhr,hammamet,,dimanche,dhuhr
I need a taxi to bizerte dimanche après-midi,bizerte,gare,dimanche,après-midi
I need a taxi to tunis vendredi now,tunis,bureau,vendredi,now
I need a taxi to nabeul dimanche soir,nabeul,aéroport,dimanche,soir
khodni men maison lel kairouan el-lahad,kairouan,maison,el-lahad,
I need a taxi to nabeul apres-demain après-midi,nabeul,gare,apres-demain,après-midi
nemchi nabeul mercredi leyl,nabeul,,mercredi,leyl
take me from aéroport to sfax el-lahad soir,sfax,aéroport,el-lahad,soir
take me from hotel to hammamet el-jemaa dhuhr,hammamet,hotel,el-jemaa,dhuhr
nemchi kairouan lundi dhuhr,kairouan,,lundi,dhuhr
take me from aéroport to sfax mardi sbeh,sfax,aéroport,mardi,sbeh
khodni men  lel nabeul jeudi,nabeul,,jeudi,
khodni men gare lel hammamet  asr,hammamet,gare,,asr
take me from  to sfax lyoum après-midi,sfax,,lyoum,après-midi
I need a taxi to nabeul next tuesday sbeh,nabeul,hotel,next tuesday,sbeh
nemchi monastir mercredi,monastir,maison,mercredi,
aller à hammamet el-jemaa asr,hammamet,aéroport,el-jemaa,asr
nemchi monastir  leyl,monastir,aéroport,,leyl
أريد الذهاب إلى sousse dimanche dhuhr,sousse,maison,dimanche,dhuhr
aller à nabeul samedi maghreb,nabeul,aéroport,samedi,maghreb
أريد الذهاب إلى sousse lundi,sousse,maison,lundi,
take me from bureau to monastir  matin,monastir,bureau,,matin
take me from  to sousse samedi dhuhr,sousse,,samedi,dhuhr
aller à sfax el-talata matin,sfax,aéroport,el-talata,matin
nemchi kairouan el-jemaa maghreb,kairouan,hotel,el-jemaa,maghreb
khodni men maison lel nabeul apres-demain asr,nabeul,maison,apres-demain,asr
aller à nabeul  après-midi,nabeul,aéroport,,après-midi
khodni men  lel sousse mercredi après-midi,sousse,,mercredi,après-midi
take me from bureau to kairouan next tuesday après-midi,kairouan,bureau,next tuesday,après-midi
take me from hotel to tunis dimanche dhuhr,tunis,hotel,dimanche,dhuhr
I need a taxi to sousse el-lahad matin,sousse,aéroport,el-lahad,matin
nemchi monastir next tuesday soir,monastir,bureau,next tuesday,soir
aller à bizerte el-lahad matin,bizerte,,el-lahad,matin
khodni men hotel lel monastir dimanche soir,monastir,hotel,dimanche,soir
take me from aéroport to kairouan lundi soir,kairouan,aéroport,lundi,soir
I need a taxi to bizerte apres-demain dhuhr,bizerte,aéroport,apres-demain,dhuhr
I need a taxi to sfax el-jemaa matin,sfax,gare,el-jemaa,matin
take me from maison to bizerte  après-midi,bizerte,maison,,après-midi
أريد الذهاب إلى monastir el-jemaa sbeh,monastir,gare,el-jemaa,sbeh
khodni men  lel hammamet el-talata matin,hammamet,,el-talata,matin
أريد الذهاب إلى monastir vendredi sbeh,monastir,hotel,vendredi,sbeh
nemchi kairouan ghodwa maghreb,kairouan,hotel,ghodwa,maghreb
I need a taxi to tunis vendredi soir,tunis,hotel,vendredi,soir
I need a taxi to bizerte lyoum now,bizerte,maison,lyoum,now
أريد الذهاب إلى sousse el-talata soir,sousse,hotel,el-talata,soir
nemchi sousse jeudi leyl,sousse,aéroport,jeudi,leyl
أريد الذهاب إلى sousse ghodwa soir,sousse,,ghodwa,soir
aller à sousse ghodwa sbeh,sousse,bureau,ghodwa,sbeh
khodni men aéroport lel monastir lyoum now,monastir,aéroport,lyoum,now
take me from bureau to nabeul mardi,nabeul,bureau,mardi,
nemchi hammamet el-lahad sbeh,hammamet,hotel,el-lahad,sbeh
aller à kairouan samedi après-midi,kairouan,hotel,samedi,après-midi
I need a taxi to tunis  maghreb,tunis,aéroport,,maghreb
take me from gare to monastir el-lahad dhuhr,monastir,gare,el-lahad,dhuhr
khodni men maison lel nabeul apres-demain now,nabeul,maison,apres-demain,now
nemchi hammamet next tuesday asr,hammamet,hotel,next tuesday,asr
take me from bureau to bizerte  dhuhr,bizerte,bureau,,dhuhr
أريد الذهاب إلى nabeul samedi après-midi,nabeul,aéroport,samedi,après-midi
khodni men bureau lel tunis mardi soir,tunis,bureau,mardi,soir
khodni men bureau lel nabeul el-lahad leyl,nabeul,bureau,el-lahad,leyl
أريد الذهاب إلى sfax samedi sbeh,sfax,aéroport,samedi,sbeh
aller à sfax jeudi dhuhr,sfax,bureau,jeudi,dhuhr
take me from maison to tunis samedi sbeh,tunis,maison,samedi,sbeh
أريد الذهاب إلى bizerte  dhuhr,bizerte,gare,,dhuhr
take me from  to sfax mardi matin,sfax,,mardi,matin
khodni men gare lel sousse mercredi asr,sousse,gare,mercredi,asr
aller à hammamet mercredi maghreb,hammamet,maison,mercredi,maghreb
nemchi nabeul mercredi maghreb,nabeul,,mercredi,maghreb
aller à hammamet samedi sbeh,hammamet,bureau,samedi,sbeh
take me from hotel to sousse apres-demain après-midi,sousse,hotel,apres-demain,après-midi
nemchi nabeul ghodwa leyl,nabeul,maison,ghodwa,leyl
aller à sousse dimanche soir,sousse,gare,dimanche,soir
nemchi hammamet ghodwa now,hammamet,gare,ghodwa,now
I need a taxi to monastir samedi,monastir,aéroport,samedi,
أريد الذهاب إلى kairouan jeudi now,kairouan,bureau,jeudi,now
I need a taxi to hammamet ghodwa now,hammamet,,ghodwa,now
take me from hotel to hammamet samedi,hammamet,hotel,samedi,
aller à hammamet  soir,hammamet,maison,,soir
take me from  to bizerte lundi leyl,bizerte,,lundi,leyl
take me from gare to tunis lyoum dhuhr,tunis,gare,lyoum,dhuhr
أريد الذهاب إلى sousse apres-demain après-midi,sousse,gare,apres-demain,après-midi
take me from aéroport to sfax el-talata,sfax,aéroport,el-talata,
take me from bureau to sfax lyoum maghreb,sfax,bureau,lyoum,maghreb
أريد الذهاب إلى nabeul next tuesday maghreb,nabeul,gare,next tuesday,maghreb
nemchi sfax vendredi après-midi,sfax,aéroport,vendredi,après-midi
aller à monastir vendredi now,monastir,gare,vendredi,now
I need a taxi to sousse ghodwa matin,sousse,maison,ghodwa,matin
أريد الذهاب إلى monastir samedi asr,monastir,bureau,samedi,asr
aller à bizerte mardi maghreb,bizerte,bureau,mardi,maghreb
I need a taxi to monastir vendredi après-midi,monastir,maison,vendredi,après-midi
take me from bureau to sfax apres-demain leyl,sfax,bureau,apres-demain,leyl
aller à bizerte next tuesday now,bizerte,,next tuesday,now
أريد الذهاب إلى sousse el-lahad matin,sousse,hotel,el-lahad,matin
take me from  to tunis ghodwa leyl,tunis,,ghodwa,leyl
aller à kairouan jeudi leyl,kairouan,bureau,jeudi,leyl
khodni men  lel bizerte mardi leyl,bizerte,,mardi,leyl
أريد الذهاب إلى sousse el-jemaa soir,sousse,maison,el-jemaa,soir
take me from gare to kairouan jeudi soir,kairouan,gare,jeudi,soir
aller à kairouan el-lahad soir,kairouan,,el-lahad,soir
take me from bureau to sfax vendredi dhuhr,sfax,bureau,vendredi,dhuhr
take me from maison to hammamet el-jemaa sbeh,hammamet,maison,el-jemaa,sbeh
take me from hotel to kairouan samedi après-midi,kairouan,hotel,samedi,après-midi
take me from maison to nabeul mercredi soir,nabeul,maison,mercredi,soir
aller à sousse mardi,sousse,,mardi,
I need a taxi to bizerte lyoum,bizerte,bureau,lyoum,
nemchi kairouan samedi now,kairouan,bureau,samedi,now
I need a taxi to sousse lundi sbeh,sousse,hotel,lundi,sbeh
nemchi nabeul lundi soir,nabeul,gare,lundi,soir
aller à sfax apres-demain leyl,sfax,,apres-demain,leyl
أريد الذهاب إلى sousse next tuesday leyl,sousse,,next tuesday,leyl
aller à sfax el-lahad après-midi,sfax,,el-lahad,après-midi
aller à kairouan lyoum après-midi,kairouan,gare,lyoum,après-midi
aller à sfax samedi asr,sfax,maison,samedi,asr
aller à sousse mercredi soir,sousse,gare,mercredi,soir
أريد الذهاب إلى sfax apres-demain matin,sfax,maison,apres-demain,matin
aller à bizerte vendredi now,bizerte,maison,vendredi,now
take me from bureau to monastir jeudi now,monastir,bureau,jeudi,now
aller à sfax vendredi asr,sfax,gare,vendredi,asr
nemchi nabeul el-lahad maghreb,nabeul,hotel,el-lahad,maghreb
I need a taxi to sousse next tuesday leyl,sousse,bureau,next tuesday,leyl
أريد الذهاب إلى monastir dimanche now,monastir,bureau,dimanche,now
nemchi sfax samedi sbeh,sfax,hotel,samedi,sbeh
khodni men  lel sousse dimanche après-midi,sousse,,dimanche,après-midi
I need a taxi to kairouan mercredi sbeh,kairouan,aéroport,mercredi,sbeh
aller à kairouan lundi dhuhr,kairouan,hotel,lundi,dhuhr
I need a taxi to sousse samedi leyl,sousse,bureau,samedi,leyl
aller à hammamet ghodwa,hammamet,hotel,ghodwa,
khodni men aéroport lel kairouan dimanche leyl,kairouan,aéroport,dimanche,leyl
take me from bureau to kairouan apres-demain asr,kairouan,bureau,apres-demain,asr
take me from maison to nabeul ghodwa soir,nabeul,maison,ghodwa,soir
I need a taxi to nabeul jeudi matin,nabeul,aéroport,jeudi,matin
aller à kairouan vendredi après-midi,kairouan,bureau,vendredi,après-midi
I need a taxi to sousse apres-demain dhuhr,sousse,gare,apres-demain,dhuhr
aller à monastir el-talata soir,monastir,aéroport,el-talata,soir
I need a taxi to sfax samedi leyl,sfax,maison,samedi,leyl
nemchi bizerte vendredi leyl,bizerte,,vendredi,leyl
أريد الذهاب إلى sfax el-lahad dhuhr,sfax,bureau,el-lahad,dhuhr
aller à kairouan mercredi sbeh,kairouan,gare,mercredi,sbeh
aller à hammamet apres-demain maghreb,hammamet,aéroport,apres-demain,maghreb
nemchi sfax next tuesday soir,sfax,,next tuesday,soir
I need a taxi to tunis vendredi matin,tunis,aéroport,vendredi,matin
aller à hammamet apres-demain leyl,hammamet,bureau,apres-demain,leyl
take me from  to sfax  soir,sfax,,,soir
khodni men gare lel kairouan jeudi sbeh,kairouan,gare,jeudi,sbeh
aller à sousse el-talata maghreb,sousse,bureau,el-talata,maghreb
nemchi sousse el-talata sbeh,sousse,bureau,el-talata,sbeh
khodni men bureau lel hammamet el-lahad maghreb,hammamet,bureau,el-lahad,maghreb
aller à kairouan  asr,kairouan,aéroport,,asr
nemchi sousse lundi après-midi,sousse,maison,lundi,après-midi
take me from maison to sfax apres-demain matin,sfax,maison,apres-demain,matin
khodni men gare lel kairouan mercredi leyl,kairouan,gare,mercredi,leyl
take me from hotel to sousse mardi soir,sousse,hotel,mardi,soir
أريد الذهاب إلى bizerte dimanche,bizerte,hotel,dimanche,
nemchi sousse lyoum leyl,sousse,bureau,lyoum,leyl
nemchi nabeul lyoum soir,nabeul,,lyoum,soir
nemchi hammamet jeudi matin,hammamet,,jeudi,matin
I need a taxi to tunis jeudi soir,tunis,aéroport,jeudi,soir
khodni men  lel kairouan dimanche leyl,kairouan,,dimanche,leyl
take me from maison to sfax jeudi matin,sfax,maison,jeudi,matin
أريد الذهاب إلى hammamet next tuesday après-midi,hammamet,hotel,next tuesday,après-midi
I need a taxi to nabeul dimanche leyl,nabeul,hotel,dimanche,leyl
nemchi sousse el-jemaa,sousse,maison,el-jemaa,
aller à sfax el-jemaa leyl,sfax,maison,el-jemaa,leyl
take me from gare to nabeul dimanche maghreb,nabeul,gare,dimanche,maghreb
aller à kairouan el-lahad soir,kairouan,bureau,el-lahad,soir
nemchi bizerte el-talata sbeh,bizerte,,el-talata,sbeh
I need a taxi to tunis ghodwa dhuhr,tunis,bureau,ghodwa,dhuhr
khodni men hotel lel monastir el-talata asr,monastir,hotel,el-talata,asr
nemchi bizerte el-lahad dhuhr,bizerte,aéroport,el-lahad,dhuhr
I need a taxi to sfax lundi asr,sfax,,lundi,asr
take me from aéroport to bizerte apres-demain matin,bizerte,aéroport,apres-demain,matin
aller à nabeul ghodwa now,nabeul,bureau,ghodwa,now
nemchi hammamet dimanche now,hammamet,maison,dimanche,now
aller à monastir dimanche maghreb,monastir,,dimanche,maghreb
aller à nabeul lyoum maghreb,nabeul,maison,lyoum,maghreb
khodni men maison lel hammamet dimanche asr,hammamet,maison,dimanche,asr
أريد الذهاب إلى sousse el-lahad now,sousse,,el-lahad,now
I need a taxi to hammamet lundi dhuhr,hammamet,maison,lundi,dhuhr
nemchi tunis samedi asr,tunis,maison,samedi,asr
aller à sfax dimanche now,sfax,,dimanche,now
khodni men  lel nabeul mercredi asr,nabeul,,mercredi,asr
take me from aéroport to tunis vendredi sbeh,tunis,aéroport,vendredi,sbeh
take me from gare to bizerte jeudi asr,bizerte,gare,jeudi,asr
nemchi tunis ghodwa soir,tunis,bureau,ghodwa,soir
khodni men aéroport lel bizerte mercredi,bizerte,aéroport,mercredi,
أريد الذهاب إلى nabeul el-talata asr,nabeul,gare,el-talata,asr
take me from gare to bizerte el-lahad matin,bizerte,gare,el-lahad,matin
aller à sfax,sfax,hotel,,
nemchi bizerte lyoum dhuhr,bizerte,bureau,lyoum,dhuhr
nemchi tunis mercredi now,tunis,,mercredi,now
أريد الذهاب إلى bizerte ghodwa leyl,bizerte,gare,ghodwa,leyl
aller à kairouan samedi leyl,kairouan,bureau,samedi,leyl
nemchi bizerte  matin,bizerte,aéroport,,matin
أريد الذهاب إلى sfax jeudi sbeh,sfax,hotel,jeudi,sbeh
take me from hotel to tunis dimanche leyl,tunis,hotel,dimanche,leyl
I need a taxi to sousse mercredi sbeh,sousse,maison,mercredi,sbeh
I need a taxi to tunis next tuesday sbeh,tunis,maison,next tuesday,sbeh
I need a taxi to hammamet jeudi maghreb,hammamet,bureau,jeudi,maghreb
take me from aéroport to hammamet el-talata soir,hammamet,aéroport,el-talata,soir
أريد الذهاب إلى monastir dimanche après-midi,monastir,gare,dimanche,après-midi
nemchi bizerte mercredi dhuhr,bizerte,maison,mercredi,dhuhr
nemchi hammamet samedi sbeh,hammamet,bureau,samedi,sbeh
nemchi sfax el-jemaa maghreb,sfax,gare,el-jemaa,maghreb
أريد الذهاب إلى tunis el-talata,tunis,aéroport,el-talata,
أريد الذهاب إلى bizerte samedi asr,bizerte,hotel,samedi,asr
nemchi kairouan samedi leyl,kairouan,hotel,samedi,leyl
take me from hotel to sfax el-jemaa asr,sfax,hotel,el-jemaa,asr
nemchi kairouan jeudi après-midi,kairouan,aéroport,jeudi,après-midi
take me from bureau to tunis mardi soir,tunis,bureau,mardi,soir
khodni men maison lel nabeul mercredi,nabeul,maison,mercredi,
nemchi monastir next tuesday maghreb,monastir,,next tuesday,maghreb
nemchi sfax apres-demain dhuhr,sfax,hotel,apres-demain,dhuhr
أريد الذهاب إلى sousse samedi sbeh,sousse,hotel,samedi,sbeh
khodni men maison lel sfax jeudi leyl,sfax,maison,jeudi,leyl
nemchi bizerte lundi leyl,bizerte,bureau,lundi,leyl
I need a taxi to sousse vendredi maghreb,sousse,hotel,vendredi,maghreb
أريد الذهاب إلى sfax el-lahad,sfax,maison,el-lahad,
أريد الذهاب إلى bizerte dimanche maghreb,bizerte,maison,dimanche,maghreb
أريد الذهاب إلى sfax apres-demain soir,sfax,bureau,apres-demain,soir
aller à hammamet el-talata maghreb,hammamet,hotel,el-talata,maghreb
nemchi tunis el-jemaa maghreb,tunis,maison,el-jemaa,maghreb
take me from aéroport to kairouan el-jemaa now,kairouan,aéroport,el-jemaa,now
nemchi nabeul vendredi soir,nabeul,bureau,vendredi,soir
I need a taxi to sfax ghodwa now,sfax,aéroport,ghodwa,now
khodni men gare lel kairouan mercredi après-midi,kairouan,gare,mercredi,après-midi
khodni men aéroport lel monastir mercredi leyl,monastir,aéroport,mercredi,leyl
أريد الذهاب إلى nabeul mardi maghreb,nabeul,gare,mardi,maghreb
aller à tunis samedi asr,tunis,hotel,samedi,asr
khodni men maison lel hammamet mercredi soir,hammamet,maison,mercredi,soir
I need a taxi to hammamet el-lahad dhuhr,hammamet,gare,el-lahad,dhuhr
أريد الذهاب إلى hammamet lundi dhuhr,hammamet,gare,lundi,dhuhr
nemchi monastir mercredi,monastir,,mercredi,
aller à nabeul vendredi dhuhr,nabeul,bureau,vendredi,dhuhr
aller à kairouan mercredi soir,kairouan,hotel,mercredi,soir
أريد الذهاب إلى tunis lundi après-midi,tunis,maison,lundi,après-midi
take me from  to sfax ghodwa matin,sfax,,ghodwa,matin
aller à bizerte lundi leyl,bizerte,gare,lundi,leyl
aller à tunis apres-demain maghreb,tunis,bureau,apres-demain,maghreb
nemchi monastir el-talata asr,monastir,maison,el-talata,asr
I need a taxi to sfax el-lahad après-midi,sfax,gare,el-lahad,après-midi
أريد الذهاب إلى kairouan samedi maghreb,kairouan,,samedi,maghreb
take me from maison to nabeul el-jemaa après-midi,nabeul,maison,el-jemaa,après-midi
khodni men  lel sfax mardi soir,sfax,,mardi,soir
khodni men hotel lel tunis  soir,tunis,hotel,,soir
take me from  to nabeul apres-demain matin,nabeul,,apres-demain,matin
I need a taxi to bizerte  matin,bizerte,aéroport,,matin
take me from bureau to monastir dimanche après-midi,monastir,bureau,dimanche,après-midi
nemchi tunis  dhuhr,tunis,,,dhuhr
I need a taxi to tunis vendredi dhuhr,tunis,maison,vendredi,dhuhr
khodni men bureau lel hammamet mercredi soir,hammamet,bureau,mercredi,soir
أريد الذهاب إلى kairouan mardi maghreb,kairouan,gare,mardi,maghreb
take me from bureau to sousse mercredi leyl,sousse,bureau,mercredi,leyl
khodni men gare lel tunis vendredi,tunis,gare,vendredi,
I need a taxi to hammamet mardi maghreb,hammamet,hotel,mardi,maghreb
nemchi tunis el-jemaa,tunis,,el-jemaa,
take me from  to nabeul vendredi maghreb,nabeul,,vendredi,maghreb
take me from maison to hammamet el-talata matin,hammamet,maison,el-talata,matin
I need a taxi to bizerte el-talata,bizerte,hotel,el-talata,
khodni men hotel lel kairouan next tuesday sbeh,kairouan,hotel,next tuesday,sbeh
أريد الذهاب إلى monastir vendredi soir,monastir,gare,vendredi,soir
أريد الذهاب إلى kairouan dimanche après-midi,kairouan,hotel,dimanche,après-midi
take me from bureau to sousse jeudi maghreb,sousse,bureau,jeudi,maghreb
aller à monastir apres-demain après-midi,monastir,aéroport,apres-demain,après-midi
khodni men bureau lel nabeul mercredi leyl,nabeul,bureau,mercredi,leyl
khodni men hotel lel bizerte lyoum asr,bizerte,hotel,lyoum,asr
take me from maison to sousse mercredi après-midi,sousse,maison,mercredi,après-midi
take me from bureau to hammamet dimanche now,hammamet,bureau,dimanche,now
aller à nabeul samedi après-midi,nabeul,hotel,samedi,après-midi
khodni men aéroport lel kairouan vendredi sbeh,kairouan,aéroport,vendredi,sbeh
khodni men bureau lel monastir lyoum leyl,monastir,bureau,lyoum,leyl
khodni men maison lel hammamet lyoum après-midi,hammamet,maison,lyoum,après-midi
khodni men aéroport lel bizerte el-lahad dhuhr,bizerte,aéroport,el-lahad,dhuhr
aller à kairouan jeudi now,kairouan,aéroport,jeudi,now
take me from bureau to nabeul lundi maghreb,nabeul,bureau,lundi,maghreb
khodni men maison lel bizerte el-lahad leyl,bizerte,maison,el-lahad,leyl
khodni men  lel sousse lundi sbeh,sousse,,lundi,sbeh
aller à hammamet ghodwa sbeh,hammamet,maison,ghodwa,sbeh
take me from maison to sousse dimanche sbeh,sousse,maison,dimanche,sbeh
take me from aéroport to tunis el-talata now,tunis,aéroport,el-talata,now
I need a taxi to tunis jeudi,tunis,maison,jeudi,
aller à nabeul jeudi après-midi,nabeul,hotel,jeudi,après-midi
aller à bizerte mercredi now,bizerte,aéroport,mercredi,now
take me from gare to bizerte el-talata maghreb,bizerte,gare,el-talata,maghreb
aller à sfax samedi leyl,sfax,bureau,samedi,leyl
khodni men maison lel tunis el-lahad après-midi,tunis,maison,el-lahad,après-midi
aller à nabeul el-talata now,nabeul,hotel,el-talata,now
nemchi bizerte ghodwa,bizerte,maison,ghodwa,
nemchi hammamet next tuesday asr,hammamet,hotel,next tuesday,asr
nemchi nabeul ghodwa maghreb,nabeul,,ghodwa,maghreb
aller à bizerte el-lahad now,bizerte,maison,el-lahad,now
nemchi hammamet ghodwa now,hammamet,bureau,ghodwa,now
I need a taxi to kairouan jeudi,kairouan,,jeudi,
aller à bizerte vendredi dhuhr,bizerte,maison,vendredi,dhuhr
khodni men  lel kairouan vendredi,kairouan,,vendredi,
nemchi monastir el-lahad sbeh,monastir,gare,el-lahad,sbeh
khodni men aéroport lel monastir jeudi leyl,monastir,aéroport,jeudi,leyl
take me from maison to sousse next tuesday,sousse,maison,next tuesday,
I need a taxi to tunis jeudi soir,tunis,gare,jeudi,soir
take me from hotel to hammamet samedi now,hammamet,hotel,samedi,now
khodni men hotel lel sfax vendredi matin,sfax,hotel,vendredi,matin
أريد الذهاب إلى hammamet mardi asr,hammamet,bureau,mardi,asr
aller à tunis vendredi dhuhr,tunis,,vendredi,dhuhr
I need a taxi to sfax el-jemaa après-midi,sfax,gare,el-jemaa,après-midi
I need a taxi to sfax lundi now,sfax,gare,lundi,now
khodni men  lel tunis mardi soir,tunis,,mardi,soir
take me from hotel to hammamet jeudi,hammamet,hotel,jeudi,
I need a taxi to sfax samedi après-midi,sfax,hotel,samedi,après-midi
aller à tunis mardi asr,tunis,maison,mardi,asr
أريد الذهاب إلى sousse mercredi matin,sousse,,mercredi,matin
I need a taxi to sfax mardi asr,sfax,,mardi,asr
I need a taxi to kairouan lyoum dhuhr,kairouan,,lyoum,dhuhr
أريد الذهاب إلى kairouan next tuesday maghreb,kairouan,maison,next tuesday,maghreb
أريد الذهاب إلى kairouan ghodwa leyl,kairouan,hotel,ghodwa,leyl
nemchi tunis el-jemaa après-midi,tunis,,el-jemaa,après-midi
khodni men  lel monastir apres-demain maghreb,monastir,,apres-demain,maghreb
أريد الذهاب إلى kairouan mercredi après-midi,kairouan,bureau,mercredi,après-midi
أريد الذهاب إلى kairouan jeudi soir,kairouan,hotel,jeudi,soir
I need a taxi to nabeul samedi matin,nabeul,maison,samedi,matin
أريد الذهاب إلى hammamet next tuesday now,hammamet,hotel,next tuesday,now
take me from  to tunis el-jemaa,tunis,,el-jemaa,
nemchi nabeul  maghreb,nabeul,aéroport,,maghreb
nemchi hammamet jeudi maghreb,hammamet,maison,jeudi,maghreb
أريد الذهاب إلى sousse next tuesday sbeh,sousse,hotel,next tuesday,sbeh
take me from hotel to tunis dimanche matin,tunis,hotel,dimanche,matin
nemchi kairouan lundi leyl,kairouan,gare,lundi,leyl
أريد الذهاب إلى sousse lundi matin,sousse,aéroport,lundi,matin
nemchi kairouan lyoum dhuhr,kairouan,gare,lyoum,dhuhr
khodni men bureau lel hammamet lyoum matin,hammamet,bureau,lyoum,matin
take me from hotel to sousse samedi dhuhr,sousse,hotel,samedi,dhuhr
take me from maison to monastir apres-demain maghreb,monastir,maison,apres-demain,maghreb
aller à tunis next tuesday matin,tunis,aéroport,next tuesday,matin
khodni men hotel lel hammamet apres-demain soir,hammamet,hotel,apres-demain,soir
take me from hotel to kairouan lundi soir,kairouan,hotel,lundi,soir
take me from hotel to kairouan mardi leyl,kairouan,hotel,mardi,leyl
take me from gare to kairouan el-talata leyl,kairouan,gare,el-talata,leyl
aller à sousse mercredi sbeh,sousse,gare,mercredi,sbeh
أريد الذهاب إلى hammamet samedi,hammamet,gare,samedi,
take me from hotel to sousse mardi dhuhr,sousse,hotel,mardi,dhuhr
take me from gare to sfax samedi maghreb,sfax,gare,samedi,maghreb
aller à tunis el-jemaa après-midi,tunis,maison,el-jemaa,après-midi
aller à monastir mardi soir,monastir,hotel,mardi,soir
take me from maison to tunis jeudi leyl,tunis,maison,jeudi,leyl
aller à bizerte ghodwa now,bizerte,maison,ghodwa,now
aller à tunis el-jemaa asr,tunis,maison,el-jemaa,asr
aller à sousse ghodwa maghreb,sousse,hotel,ghodwa,maghreb
take me from gare to hammamet apres-demain soir,hammamet,gare,apres-demain,soir
take me from gare to hammamet apres-demain sbeh,hammamet,gare,apres-demain,sbeh
aller à kairouan el-jemaa asr,kairouan,bureau,el-jemaa,asr
aller à monastir samedi asr,monastir,bureau,samedi,asr
أريد الذهاب إلى sfax el-lahad maghreb,sfax,maison,el-lahad,maghreb
I need a taxi to monastir jeudi sbeh,monastir,,jeudi,sbeh
nemchi monastir vendredi leyl,monastir,maison,vendredi,leyl
nemchi kairouan lyoum,kairouan,,lyoum,
khodni men gare lel sousse lundi,sousse,gare,lundi,
I need a taxi to kairouan el-jemaa leyl,kairouan,aéroport,el-jemaa,leyl
aller à sousse lundi now,sousse,aéroport,lundi,now
khodni men bureau lel nabeul mardi asr,nabeul,bureau,mardi,asr
aller à sousse  dhuhr,sousse,,,dhuhr
I need a taxi to sfax jeudi matin,sfax,,jeudi,matin
take me from gare to bizerte next tuesday soir,bizerte,gare,next tuesday,soir
aller à nabeul mercredi leyl,nabeul,gare,mercredi,leyl
aller à hammamet el-talata leyl,hammamet,bureau,el-talata,leyl
أريد الذهاب إلى hammamet el-jemaa après-midi,hammamet,,el-jemaa,après-midi
aller à monastir lyoum leyl,monastir,bureau,lyoum,leyl
nemchi hammamet el-lahad soir,hammamet,maison,el-lahad,soir
nemchi sousse samedi sbeh,sousse,hotel,samedi,sbeh
I need a taxi to sfax lyoum now,sfax,gare,lyoum,now
khodni men hotel lel kairouan lyoum now,kairouan,hotel,lyoum,now
أريد الذهاب إلى bizerte lyoum,bizerte,hotel,lyoum,
aller à nabeul el-talata dhuhr,nabeul,,el-talata,dhuhr
I need a taxi to tunis next tuesday matin,tunis,bureau,next tuesday,matin
أريد الذهاب إلى bizerte  asr,bizerte,maison,,asr
take me from gare to sfax lundi matin,sfax,gare,lundi,matin
I need a taxi to kairouan samedi now,kairouan,hotel,samedi,now
aller à tunis lyoum asr,tunis,aéroport,lyoum,asr
nemchi nabeul lundi dhuhr,nabeul,gare,lundi,dhuhr
aller à monastir lyoum sbeh,monastir,hotel,lyoum,sbeh
أريد الذهاب إلى kairouan el-jemaa matin,kairouan,,el-jemaa,matin
aller à bizerte ghodwa,bizerte,aéroport,ghodwa,
nemchi bizerte el-talata matin,bizerte,hotel,el-talata,matin
aller à hammamet mercredi leyl,hammamet,aéroport,mercredi,leyl
aller à monastir el-lahad après-midi,monastir,hotel,el-lahad,après-midi
khodni men maison lel kairouan dimanche soir,kairouan,maison,dimanche,soir
أريد الذهاب إلى monastir el-jemaa matin,monastir,hotel,el-jemaa,matin
aller à hammamet apres-demain soir,hammamet,maison,apres-demain,soir
nemchi sfax lyoum asr,sfax,aéroport,lyoum,asr
أريد الذهاب إلى nabeul mercredi maghreb,nabeul,maison,mercredi,maghreb
nemchi kairouan ghodwa maghreb,kairouan,hotel,ghodwa,maghreb
aller à sousse el-jemaa matin,sousse,,el-jemaa,matin
أريد الذهاب إلى bizerte el-lahad sbeh,bizerte,bureau,el-lahad,sbeh
khodni men aéroport lel bizerte lyoum leyl,bizerte,aéroport,lyoum,leyl
I need a taxi to sfax samedi matin,sfax,hotel,samedi,matin
khodni men maison lel kairouan mercredi après-midi,kairouan,maison,mercredi,après-midi
I need a taxi to sfax mardi leyl,sfax,,mardi,leyl
aller à bizerte el-jemaa sbeh,bizerte,,el-jemaa,sbeh
I need a taxi to bizerte mardi maghreb,bizerte,gare,mardi,maghreb
take me from bureau to sfax apres-demain,sfax,bureau,apres-demain,
khodni men maison lel hammamet ghodwa dhuhr,hammamet,maison,ghodwa,dhuhr
khodni men bureau lel nabeul jeudi soir,nabeul,bureau,jeudi,soir
take me from aéroport to tunis lundi maghreb,tunis,aéroport,lundi,maghreb
khodni men gare lel nabeul ghodwa asr,nabeul,gare,ghodwa,asr
أريد الذهاب إلى hammamet next tuesday matin,hammamet,gare,next tuesday,matin
take me from hotel to kairouan samedi dhuhr,kairouan,hotel,samedi,dhuhr
take me from  to monastir apres-demain après-midi,monastir,,apres-demain,après-midi
أريد الذهاب إلى bizerte jeudi,bizerte,hotel,jeudi,
aller à hammamet lundi maghreb,hammamet,hotel,lundi,maghreb
aller à sousse ghodwa dhuhr,sousse,hotel,ghodwa,dhuhr
nemchi sousse next tuesday now,sousse,aéroport,next tuesday,now
I need a taxi to tunis dimanche maghreb,tunis,gare,dimanche,maghreb
nemchi bizerte mercredi,bizerte,hotel,mercredi,
khodni men maison lel kairouan next tuesday soir,kairouan,maison,next tuesday,soir
أريد الذهاب إلى sfax vendredi maghreb,sfax,aéroport,vendredi,maghreb
khodni men  lel tunis lundi asr,tunis,,lundi,asr
I need a taxi to sousse el-talata leyl,sousse,hotel,el-talata,leyl
aller à tunis el-lahad sbeh,tunis,gare,el-lahad,sbeh
khodni men bureau lel kairouan jeudi après-midi,kairouan,bureau,jeudi,après-midi
take me from  to sousse apres-demain leyl,sousse,,apres-demain,leyl
أريد الذهاب إلى nabeul lundi leyl,nabeul,gare,lundi,leyl
take me from maison to sousse vendredi après-midi,sousse,maison,vendredi,après-midi
أريد الذهاب إلى monastir mardi dhuhr,monastir,bureau,mardi,dhuhr
أريد الذهاب إلى bizerte el-talata now,bizerte,hotel,el-talata,now
أريد الذهاب إلى bizerte dimanche matin,bizerte,,dimanche,matin
nemchi nabeul next tuesday dhuhr,nabeul,maison,next tuesday,dhuhr
أريد الذهاب إلى kairouan lundi sbeh,kairouan,bureau,lundi,sbeh
take me from aéroport to nabeul mardi matin,nabeul,aéroport,mardi,matin
aller à kairouan vendredi maghreb,kairouan,gare,vendredi,maghreb
nemchi nabeul lundi dhuhr,nabeul,gare,lundi,dhuhr
I need a taxi to kairouan dimanche maghreb,kairouan,hotel,dimanche,maghreb
أريد الذهاب إلى sfax lyoum maghreb,sfax,aéroport,lyoum,maghreb
take me from gare to nabeul  leyl,nabeul,gare,,leyl
nemchi hammamet ghodwa soir,hammamet,gare,ghodwa,soir
khodni men hotel lel bizerte mercredi soir,bizerte,hotel,mercredi,soir
khodni men hotel lel sfax el-lahad now,sfax,hotel,el-lahad,now
أريد الذهاب إلى tunis mardi leyl,tunis,bureau,mardi,leyl
aller à sfax lundi matin,sfax,,lundi,matin
aller à hammamet dimanche now,hammamet,,dimanche,now
I need a taxi to hammamet lundi soir,hammamet,gare,lundi,soir
take me from  to hammamet lyoum dhuhr,hammamet,,lyoum,dhuhr
I need a taxi to monastir el-jemaa,monastir,maison,el-jemaa,
take me from hotel to nabeul vendredi asr,nabeul,hotel,vendredi,asr
aller à bizerte jeudi now,bizerte,gare,jeudi,now
aller à tunis lyoum maghreb,tunis,aéroport,lyoum,maghreb
aller à sousse lundi leyl,sousse,bureau,lundi,leyl
I need a taxi to tunis next tuesday now,tunis,hotel,next tuesday,now
أريد الذهاب إلى monastir mercredi maghreb,monastir,hotel,mercredi,maghreb
أريد الذهاب إلى monastir samedi après-midi,monastir,gare,samedi,après-midi
khodni men  lel bizerte lyoum,bizerte,,lyoum,
أريد الذهاب إلى bizerte apres-demain sbeh,bizerte,bureau,apres-demain,sbeh
nemchi tunis el-talata maghreb,tunis,gare,el-talata,maghreb
أريد الذهاب إلى sousse next tuesday matin,sousse,bureau,next tuesday,matin
أريد الذهاب إلى nabeul jeudi matin,nabeul,bureau,jeudi,matin
aller à monastir el-talata dhuhr,monastir,bureau,el-talata,dhuhr
take me from  to hammamet vendredi leyl,hammamet,,vendredi,leyl
أريد الذهاب إلى sousse el-jemaa leyl,sousse,bureau,el-jemaa,leyl
nemchi hammamet apres-demain asr,hammamet,bureau,apres-demain,asr
I need a taxi to monastir el-talata matin,monastir,bureau,el-talata,matin
أريد الذهاب إلى hammamet el-talata asr,hammamet,maison,el-talata,asr
أريد الذهاب إلى sousse lyoum leyl,sousse,aéroport,lyoum,leyl
aller à kairouan lyoum soir,kairouan,bureau,lyoum,soir
khodni men hotel lel monastir el-lahad leyl,monastir,hotel,el-lahad,leyl
aller à sousse jeudi maghreb,sousse,bureau,jeudi,maghreb
I need a taxi to bizerte mardi asr,bizerte,aéroport,mardi,asr
take me from gare to sfax mardi soir,sfax,gare,mardi,soir
khodni men gare lel bizerte ghodwa maghreb,bizerte,gare,ghodwa,maghreb
take me from aéroport to monastir jeudi,monastir,aéroport,jeudi,
I need a taxi to tunis dimanche maghreb,tunis,,dimanche,maghreb
take me from maison to monastir ghodwa soir,monastir,maison,ghodwa,soir
أريد الذهاب إلى kairouan mercredi soir,kairouan,bureau,mercredi,soir
khodni men maison lel kairouan  après-midi,kairouan,maison,,après-midi
nemchi monastir mercredi soir,monastir,gare,mercredi,soir
أريد الذهاب إلى tunis el-talata asr,tunis,hotel,el-talata,asr
aller à nabeul dimanche dhuhr,nabeul,bureau,dimanche,dhuhr
أريد الذهاب إلى monastir el-lahad maghreb,monastir,bureau,el-lahad,maghreb
أريد الذهاب إلى monastir el-talata maghreb,monastir,aéroport,el-talata,maghreb
nemchi bizerte vendredi now,bizerte,gare,vendredi,now
I need a taxi to bizerte lundi maghreb,bizerte,maison,lundi,maghreb
take me from hotel to sfax lundi dhuhr,sfax,hotel,lundi,dhuhr
take me from hotel to hammamet ghodwa asr,hammamet,hotel,ghodwa,asr
aller à monastir el-talata après-midi,monastir,maison,el-talata,après-midi
aller à tunis vendredi après-midi,tunis,hotel,vendredi,après-midi
aller à monastir vendredi dhuhr,monastir,maison,vendredi,dhuhr
أريد الذهاب إلى sousse apres-demain now,sousse,aéroport,apres-demain,now
أريد الذهاب إلى monastir dimanche,monastir,,dimanche,
I need a taxi to hammamet jeudi,hammamet,hotel,jeudi,
I need a taxi to sfax lyoum dhuhr,sfax,hotel,lyoum,dhuhr
aller à hammamet apres-demain now,hammamet,aéroport,apres-demain,now
I need a taxi to hammamet jeudi maghreb,hammamet,aéroport,jeudi,maghreb
nemchi tunis next tuesday après-midi,tunis,bureau,next tuesday,après-midi
أريد الذهاب إلى tunis samedi dhuhr,tunis,hotel,samedi,dhuhr
nemchi bizerte lyoum soir,bizerte,aéroport,lyoum,soir
nemchi tunis lyoum dhuhr,tunis,,lyoum,dhuhr
aller à monastir mercredi matin,monastir,,mercredi,matin
aller à kairouan mardi leyl,kairouan,hotel,mardi,leyl
aller à kairouan mercredi soir,kairouan,gare,mercredi,soir
I need a taxi to nabeul mardi dhuhr,nabeul,,mardi,dhuhr
aller à kairouan dimanche soir,kairouan,maison,dimanche,soir
I need a taxi to nabeul next tuesday asr,nabeul,maison,next tuesday,asr
nemchi kairouan apres-demain,kairouan,bureau,apres-demain,
aller à kairouan mardi soir,kairouan,aéroport,mardi,soir
take me from aéroport to monastir ghodwa après-midi,monastir,aéroport,ghodwa,après-midi
khodni men hotel lel nabeul mardi leyl,nabeul,hotel,mardi,leyl
khodni men hotel lel sfax  now,sfax,hotel,,now
khodni men bureau lel sousse lundi now,sousse,bureau,lundi,now
أريد الذهاب إلى hammamet jeudi now,hammamet,bureau,jeudi,now
nemchi nabeul jeudi maghreb,nabeul,aéroport,jeudi,maghreb
nemchi hammamet el-jemaa asr,hammamet,hotel,el-jemaa,asr
nemchi nabeul next tuesday sbeh,nabeul,gare,next tuesday,sbeh
aller à monastir mardi matin,monastir,gare,mardi,matin
aller à bizerte dimanche après-midi,bizerte,bureau,dimanche,après-midi
khodni men aéroport lel nabeul el-jemaa sbeh,nabeul,aéroport,el-jemaa,sbeh
khodni men gare lel nabeul mercredi maghreb,nabeul,gare,mercredi,maghreb
khodni men gare lel nabeul mercredi maghreb,nabeul,gare,mercredi,maghreb
أريد الذهاب إلى sousse el-jemaa asr,sousse,maison,el-jemaa,asr
nemchi kairouan el-talata matin,kairouan,aéroport,el-talata,matin
aller à kairouan lundi now,kairouan,bureau,lundi,now
aller à hammamet next tuesday leyl,hammamet,hotel,next tuesday,leyl
take me from  to tunis el-lahad soir,tunis,,el-lahad,soir
aller à nabeul dimanche soir,nabeul,bureau,dimanche,soir
take me from hotel to monastir  après-midi,monastir,hotel,,après-midi
أريد الذهاب إلى nabeul el-talata soir,nabeul,aéroport,el-talata,soir
I need a taxi to sousse lundi soir,sousse,bureau,lundi,soir
aller à bizerte el-talata,bizerte,bureau,el-talata,
take me from gare to kairouan vendredi matin,kairouan,gare,vendredi,matin
nemchi sousse next tuesday,sousse,,next tuesday,
take me from maison to hammamet dimanche soir,hammamet,maison,dimanche,soir
aller à nabeul apres-demain dhuhr,nabeul,,apres-demain,dhuhr
nemchi monastir mardi,monastir,bureau,mardi,
aller à tunis lyoum sbeh,tunis,,lyoum,sbeh
I need a taxi to tunis next tuesday leyl,tunis,aéroport,next tuesday,leyl
أريد الذهاب إلى nabeul lyoum dhuhr,nabeul,hotel,lyoum,dhuhr
أريد الذهاب إلى hammamet lundi now,hammamet,gare,lundi,now
I need a taxi to monastir lyoum dhuhr,monastir,,lyoum,dhuhr
nemchi nabeul lundi asr,nabeul,gare,lundi,asr
khodni men gare lel hammamet vendredi asr,hammamet,gare,vendredi,asr
nemchi bizerte ghodwa asr,bizerte,gare,ghodwa,asr
khodni men maison lel hammamet dimanche soir,hammamet,maison,dimanche,soir
khodni men  lel sousse lyoum,sousse,,lyoum,
أريد الذهاب إلى sfax mercredi matin,sfax,hotel,mercredi,matin
take me from bureau to hammamet mardi leyl,hammamet,bureau,mardi,leyl
aller à hammamet mardi asr,hammamet,bureau,mardi,asr
nemchi bizerte lundi matin,bizerte,hotel,lundi,matin
nemchi tunis lundi leyl,tunis,maison,lundi,leyl
take me from maison to bizerte apres-demain sbeh,bizerte,maison,apres-demain,sbeh
khodni men aéroport lel tunis samedi asr,tunis,aéroport,samedi,asr
aller à nabeul el-lahad sbeh,nabeul,hotel,el-lahad,sbeh
take me from bureau to hammamet ghodwa now,hammamet,bureau,ghodwa,now
khodni men  lel bizerte mercredi maghreb,bizerte,,mercredi,maghreb
khodni men maison lel sfax  dhuhr,sfax,maison,,dhuhr
take me from  to sousse el-lahad dhuhr,sousse,,el-lahad,dhuhr
أريد الذهاب إلى sousse dimanche now,sousse,gare,dimanche,now
take me from hotel to sousse el-lahad maghreb,sousse,hotel,el-lahad,maghreb
nemchi sfax apres-demain matin,sfax,bureau,apres-demain,matin
take me from gare to bizerte ghodwa après-midi,bizerte,gare,ghodwa,après-midi
أريد الذهاب إلى bizerte apres-demain asr,bizerte,hotel,apres-demain,asr
nemchi tunis el-lahad maghreb,tunis,,el-lahad,maghreb
khodni men  lel monastir lyoum maghreb,monastir,,lyoum,maghreb
أريد الذهاب إلى monastir lundi sbeh,monastir,aéroport,lundi,sbeh
I need a taxi to tunis jeudi now,tunis,,jeudi,now
أريد الذهاب إلى tunis lyoum dhuhr,tunis,hotel,lyoum,dhuhr
aller à kairouan ghodwa sbeh,kairouan,maison,ghodwa,sbeh
aller à hammamet el-jemaa après-midi,hammamet,,el-jemaa,après-midi
khodni men maison lel kairouan lundi leyl,kairouan,maison,lundi,leyl
aller à hammamet el-talata leyl,hammamet,gare,el-talata,leyl
take me from hotel to monastir lyoum soir,monastir,hotel,lyoum,soir
أريد الذهاب إلى monastir next tuesday dhuhr,monastir,bureau,next tuesday,dhuhr
khodni men maison lel kairouan vendredi matin,kairouan,maison,vendredi,matin
aller à monastir el-talata,monastir,,el-talata,
khodni men hotel lel nabeul dimanche maghreb,nabeul,hotel,dimanche,maghreb
أريد الذهاب إلى sfax ghodwa maghreb,sfax,maison,ghodwa,maghreb
take me from gare to sousse samedi asr,sousse,gare,samedi,asr
khodni men maison lel tunis el-jemaa après-midi,tunis,maison,el-jemaa,après-midi
nemchi sfax lundi matin,sfax,aéroport,lundi,matin
I need a taxi to kairouan apres-demain sbeh,kairouan,gare,apres-demain,sbeh
khodni men  lel nabeul el-lahad maghreb,nabeul,,el-lahad,maghreb
khodni men  lel sfax jeudi leyl,sfax,,jeudi,leyl
take me from hotel to nabeul el-lahad matin,nabeul,hotel,el-lahad,matin
aller à hammamet mercredi sbeh,hammamet,,mercredi,sbeh
أريد الذهاب إلى hammamet mardi maghreb,hammamet,,mardi,maghreb
khodni men bureau lel nabeul jeudi soir,nabeul,bureau,jeudi,soir
أريد الذهاب إلى hammamet dimanche now,hammamet,,dimanche,now
I need a taxi to bizerte lyoum sbeh,bizerte,aéroport,lyoum,sbeh
take me from gare to sousse el-lahad matin,sousse,gare,el-lahad,matin
أريد الذهاب إلى monastir mercredi now,monastir,,mercredi,now
I need a taxi to bizerte el-lahad maghreb,bizerte,maison,el-lahad,maghreb
nemchi sousse samedi now,sousse,,samedi,now
nemchi monastir dimanche matin,monastir,gare,dimanche,matin
take me from aéroport to monastir el-jemaa matin,monastir,aéroport,el-jemaa,matin
أريد الذهاب إلى hammamet jeudi dhuhr,hammamet,gare,jeudi,dhuhr
nemchi sousse ghodwa now,sousse,hotel,ghodwa,now
أريد الذهاب إلى nabeul  leyl,nabeul,bureau,,leyl
khodni men gare lel hammamet lundi soir,hammamet,gare,lundi,soir
أريد الذهاب إلى hammamet ghodwa matin,hammamet,maison,ghodwa,matin
I need a taxi to monastir ghodwa sbeh,monastir,aéroport,ghodwa,sbeh
khodni men gare lel sousse jeudi sbeh,sousse,gare,jeudi,sbeh
nemchi nabeul,nabeul,maison,,
khodni men hotel lel hammamet apres-demain maghreb,hammamet,hotel,apres-demain,maghreb
aller à hammamet mercredi sbeh,hammamet,hotel,mercredi,sbeh
أريد الذهاب إلى monastir el-lahad après-midi,monastir,gare,el-lahad,après-midi
I need a taxi to bizerte vendredi dhuhr,bizerte,,vendredi,dhuhr
aller à nabeul ghodwa après-midi,nabeul,gare,ghodwa,après-midi
I need a taxi to sousse el-lahad,sousse,,el-lahad,
aller à sousse lundi now,sousse,aéroport,lundi,now
aller à monastir next tuesday maghreb,monastir,hotel,next tuesday,maghreb
أريد الذهاب إلى sousse jeudi sbeh,sousse,aéroport,jeudi,sbeh
take me from bureau to bizerte apres-demain asr,bizerte,bureau,apres-demain,asr
nemchi kairouan mercredi soir,kairouan,,mercredi,soir
nemchi nabeul el-talata leyl,nabeul,hotel,el-talata,leyl
nemchi hammamet lyoum matin,hammamet,hotel,lyoum,matin
aller à nabeul vendredi sbeh,nabeul,bureau,vendredi,sbeh
aller à monastir ghodwa matin,monastir,gare,ghodwa,matin
I need a taxi to sfax dimanche après-midi,sfax,gare,dimanche,après-midi
I need a taxi to sfax lundi sbeh,sfax,aéroport,lundi,sbeh
khodni men  lel bizerte mercredi après-midi,bizerte,,mercredi,après-midi
nemchi bizerte ghodwa maghreb,bizerte,hotel,ghodwa,maghreb
take me from bureau to bizerte lundi asr,bizerte,bureau,lundi,asr
take me from  to nabeul lyoum soir,nabeul,,lyoum,soir
I need a taxi to sousse  après-midi,sousse,,,après-midi
I need a taxi to monastir el-jemaa dhuhr,monastir,aéroport,el-jemaa,dhuhr
aller à monastir el-jemaa dhuhr,monastir,bureau,el-jemaa,dhuhr
take me from gare to monastir samedi maghreb,monastir,gare,samedi,maghreb
I need a taxi to sousse next tuesday leyl,sousse,gare,next tuesday,leyl
take me from maison to kairouan next tuesday dhuhr,kairouan,maison,next tuesday,dhuhr
aller à kairouan lundi matin,kairouan,,lundi,matin
khodni men aéroport lel sousse apres-demain now,sousse,aéroport,apres-demain,now
take me from  to kairouan mardi après-midi,kairouan,,mardi,après-midi
nemchi tunis el-talata sbeh,tunis,maison,el-talata,sbeh
khodni men bureau lel monastir samedi asr,monastir,bureau,samedi,asr
khodni men hotel lel sousse el-talata maghreb,sousse,hotel,el-talata,maghreb
أريد الذهاب إلى kairouan ghodwa asr,kairouan,bureau,ghodwa,asr
I need a taxi to sousse lundi leyl,sousse,hotel,lundi,leyl
I need a taxi to nabeul lundi après-midi,nabeul,,lundi,après-midi
I need a taxi to sousse  après-midi,sousse,maison,,après-midi
aller à tunis apres-demain,tunis,aéroport,apres-demain,
I need a taxi to sousse next tuesday maghreb,sousse,gare,next tuesday,maghreb
nemchi tunis mardi dhuhr,tunis,aéroport,mardi,dhuhr
nemchi hammamet el-jemaa dhuhr,hammamet,aéroport,el-jemaa,dhuhr
I need a taxi to bizerte mercredi sbeh,bizerte,bureau,mercredi,sbeh
khodni men bureau lel sfax lundi sbeh,sfax,bureau,lundi,sbeh
aller à tunis next tuesday soir,tunis,gare,next tuesday,soir
أريد الذهاب إلى sfax vendredi now,sfax,bureau,vendredi,now
I need a taxi to nabeul apres-demain sbeh,nabeul,gare,apres-demain,sbeh
aller à bizerte mardi maghreb,bizerte,hotel,mardi,maghreb
أريد الذهاب إلى sfax dimanche sbeh,sfax,hotel,dimanche,sbeh
take me from  to nabeul vendredi dhuhr,nabeul,,vendredi,dhuhr
أريد الذهاب إلى sousse next tuesday,sousse,maison,next tuesday,
take me from bureau to kairouan dimanche now,kairouan,bureau,dimanche,now
I need a taxi to sousse el-talata matin,sousse,bureau,el-talata,matin
aller à sfax apres-demain dhuhr,sfax,bureau,apres-demain,dhuhr
أريد الذهاب إلى hammamet ghodwa maghreb,hammamet,aéroport,ghodwa,maghreb
khodni men bureau lel nabeul jeudi après-midi,nabeul,bureau,jeudi,après-midi
I need a taxi to monastir next tuesday maghreb,monastir,aéroport,next tuesday,maghreb
nemchi kairouan  asr,kairouan,aéroport,,asr
nemchi kairouan dimanche leyl,kairouan,aéroport,dimanche,leyl
take me from gare to monastir next tuesday matin,monastir,gare,next tuesday,matin
khodni men hotel lel hammamet el-lahad dhuhr,hammamet,hotel,el-lahad,dhuhr
أريد الذهاب إلى bizerte el-talata matin,bizerte,gare,el-talata,matin
أريد الذهاب إلى hammamet next tuesday dhuhr,hammamet,maison,next tuesday,dhuhr
aller à hammamet el-jemaa,hammamet,bureau,el-jemaa,
aller à monastir mardi dhuhr,monastir,bureau,mardi,dhuhr
aller à tunis el-lahad leyl,tunis,,el-lahad,leyl
aller à bizerte next tuesday dhuhr,bizerte,,next tuesday,dhuhr
aller à monastir samedi matin,monastir,gare,samedi,matin
aller à bizerte lundi,bizerte,bureau,lundi,
nemchi bizerte  soir,bizerte,bureau,,soir
take me from maison to monastir ghodwa soir,monastir,maison,ghodwa,soir
khodni men aéroport lel kairouan apres-demain dhuhr,kairouan,aéroport,apres-demain,dhuhr
take me from bureau to nabeul jeudi,nabeul,bureau,jeudi,
khodni men  lel kairouan el-jemaa maghreb,kairouan,,el-jemaa,maghreb
khodni men hotel lel sousse jeudi now,sousse,hotel,jeudi,now
take me from maison to hammamet samedi matin,hammamet,maison,samedi,matin
take me from aéroport to nabeul samedi matin,nabeul,aéroport,samedi,matin
أريد الذهاب إلى sousse dimanche après-midi,sousse,bureau,dimanche,après-midi
take me from aéroport to bizerte apres-demain now,bizerte,aéroport,apres-demain,now
take me from maison to hammamet apres-demain sbeh,hammamet,maison,apres-demain,sbeh
khodni men  lel sfax samedi,sfax,,samedi,
nemchi bizerte apres-demain asr,bizerte,maison,apres-demain,asr
nemchi bizerte mardi dhuhr,bizerte,aéroport,mardi,dhuhr
khodni men  lel sousse el-jemaa sbeh,sousse,,el-jemaa,sbeh
khodni men  lel sousse mercredi asr,sousse,,mercredi,asr
aller à sousse samedi après-midi,sousse,aéroport,samedi,après-midi
khodni men  lel hammamet lundi dhuhr,hammamet,,lundi,dhuhr
I need a taxi to kairouan,kairouan,maison,,
take me from bureau to sousse vendredi après-midi,sousse,bureau,vendredi,après-midi
aller à monastir el-jemaa matin,monastir,gare,el-jemaa,matin
take me from  to nabeul lyoum leyl,nabeul,,lyoum,leyl
nemchi bizerte samedi,bizerte,,samedi,
nemchi hammamet el-talata sbeh,hammamet,aéroport,el-talata,sbeh
I need a taxi to bizerte  maghreb,bizerte,maison,,maghreb
aller à monastir dimanche après-midi,monastir,bureau,dimanche,après-midi
take me from gare to sfax el-lahad dhuhr,sfax,gare,el-lahad,dhuhr
